Workbook

Sheet ANÁLISE FIDC
A1: . | K1: .
C3: #VALUE!
A10: . | C10: Analista: | G10: Data Atual:
C11: FIDC: | G11: CNPJ:
A12: . | C12: TESE: | G12: Mês da Análise: | H12: 46174
K14: . | AJ14: .
A16: . | C16: RENDIMENTO AJUSTADO SUBORDINDADA
C18: DATA | D18: =EDATE(E18,-1) -> 45292 | E18: =EDATE(F18,-1) -> 45323 | F18: =EDATE(G18,-1) -> 45352 | G18: =EDATE(H18,-1) -> 45383 | H18: =EDATE(I18,-1) -> 45413 | I18: =EDATE(K18,-1) -> 45444 | K18: =EDATE(L18,-1) -> 45474 | L18: =EDATE(M18,-1) -> 45505 | M18: =EDATE(N18,-1) -> 45536 | N18: =EDATE(O18,-1) -> 45566 | O18: =EDATE(P18,-1) -> 45597 | P18: =EDATE(Q18,-1) -> 45627 | Q18: =EDATE(R18,-1) -> 45658 | R18: =EDATE(S18,-1) -> 45689 | ... AG18: =EDATE(AH18,-1) -> 46143 | AH18: =H12 -> 46174
C19: Qtd de cotas
C20: Valor da cota
C21: Patrimonio Liquido | D21: =D19*D20 -> 0 | E21: =E19*E20 -> 0 | F21: =F19*F20 -> 0 | G21: =G19*G20 -> 0 | H21: =H19*H20 -> 0 | I21: =I19*I20 -> 0 | K21: =K19*K20 -> 0 | L21: =L19*L20 -> 0 | M21: =M19*M20 -> 0 | N21: =N19*N20 -> 0 | O21: =O19*O20 -> 0 | P21: =P19*P20 -> 0 | Q21: =Q19*Q20 -> 0 | R21: =R19*R20 -> 0 | ... AH21: =AH19*AH20 -> 0
C22: Aporte
C23: Resgate
C24: Patrimonio Liquido Ajust. | D24: =D21-D22+D23 -> 0 | E24: =E21-E22+E23 -> 0 | F24: =F21-F22+F23 -> 0 | G24: =G21-G22+G23 -> 0 | H24: =H21-H22+H23 -> 0 | I24: =I21-I22+I23 -> 0 | K24: =K21-K22+K23 -> 0 | L24: =L21-L22+L23 -> 0 | M24: =M21-M22+M23 -> 0 | N24: =N21-N22+N23 -> 0 | O24: =O21-O22+O23 -> 0 | P24: =P21-P22+P23 -> 0 | Q24: =Q21-Q22+Q23 -> 0 | R24: =R21-R22+R23 -> 0 | ... AH24: =AH21-AH22+AH23 -> 0
C25: Rentabilidade Ajustada | D25: 0 | E25: =E24/D21-1 -> #DIV/0! | F25: =F24/E21-1 -> #DIV/0! | G25: =G24/F21-1 -> #DIV/0! | H25: =H24/G21-1 -> #DIV/0! | I25: =I24/H21-1 -> #DIV/0! | K25: =K24/I21-1 -> #DIV/0! | L25: =L24/K21-1 -> #DIV/0! | M25: =M24/L21-1 -> #DIV/0! | N25: =N24/M21-1 -> #DIV/0! | O25: =O24/N21-1 -> #DIV/0! | P25: =P24/O21-1 -> #DIV/0! | Q25: =Q24/P21-1 -> #DIV/0! | R25: =R24/Q21-1 -> #DIV/0! | S25: =S24/R21-1 -> #DIV/0! | ... AH25: =AH24/AG21-1 -> #DIV/0!
C26: Rent. CDI | D26: =_xlfn.XLOOKUP(D18,CDI!$B:$B,CDI!$C:$C) -> 0.0097 | E26: =_xlfn.XLOOKUP(E18,CDI!$B:$B,CDI!$C:$C) -> 0.008 | F26: =_xlfn.XLOOKUP(F18,CDI!$B:$B,CDI!$C:$C) -> 0.0083 | G26: =_xlfn.XLOOKUP(G18,CDI!$B:$B,CDI!$C:$C) -> 0.0089 | H26: =_xlfn.XLOOKUP(H18,CDI!$B:$B,CDI!$C:$C) -> 0.0083 | I26: =_xlfn.XLOOKUP(I18,CDI!$B:$B,CDI!$C:$C) -> 0.0079 | K26: =_xlfn.XLOOKUP(K18,CDI!$B:$B,CDI!$C:$C) -> 0.0091 | L26: =_xlfn.XLOOKUP(L18,CDI!$B:$B,CDI!$C:$C) -> 0.0087 | M26: =_xlfn.XLOOKUP(M18,CDI!$B:$B,CDI!$C:$C) -> 0.0084 | N26: =_xlfn.XLOOKUP(N18,CDI!$B:$B,CDI!$C:$C) -> 0.0093 | O26: =_xlfn.XLOOKUP(O18,CDI!$B:$B,CDI!$C:$C) -> 0.0079 | P26: =_xlfn.XLOOKUP(P18,CDI!$B:$B,CDI!$C:$C) -> 0.0093 | Q26: =_xlfn.XLOOKUP(Q18,CDI!$B:$B,CDI!$C:$C) -> 0.0101 | R26: =_xlfn.XLOOKUP(R18,CDI!$B:$B,CDI!$C:$C) -> 0.0099 | ... AH26: =_xlfn.XLOOKUP(AH18,CDI!$B:$B,CDI!$C:$C) -> #N/A
C27: % CDI | D27: =D25/D26 -> 0 | E27: =E25/E26 -> #DIV/0! | F27: =F25/F26 -> #DIV/0! | G27: =G25/G26 -> #DIV/0! | H27: =H25/H26 -> #DIV/0! | I27: =I25/I26 -> #DIV/0! | J27: =J25/J26 -> #DIV/0! | K27: =K25/K26 -> #DIV/0! | ... AH27: =AH25/AH26 -> #DIV/0!
C28: Rent. Acum. | D28: 1 | E28: =D28*(1+E25) -> #DIV/0! | F28: =E28*(1+F25) -> #DIV/0! | G28: =F28*(1+G25) -> #DIV/0! | H28: =G28*(1+H25) -> #DIV/0! | I28: =H28*(1+I25) -> #DIV/0! | K28: =I28*(1+K25) -> #DIV/0! | L28: =K28*(1+L25) -> #DIV/0! | M28: =L28*(1+M25) -> #DIV/0! | N28: =M28*(1+N25) -> #DIV/0! | O28: =N28*(1+O25) -> #DIV/0! | P28: =O28*(1+P25) -> #DIV/0! | Q28: =P28*(1+Q25) -> #DIV/0! | R28: =Q28*(1+R25) -> #DIV/0! | S28: =R28*(1+S25) -> #DIV/0! | ... AH28: =AG28*(1+AH25) -> #DIV/0!
C29: Rendimento Acumulado | D29: =D28-1 -> 0 | E29: =E28-1 -> #DIV/0! | F29: =F28-1 -> #DIV/0! | G29: =G28-1 -> #DIV/0! | H29: =H28-1 -> #DIV/0! | I29: =I28-1 -> #DIV/0! | K29: =K28-1 -> #DIV/0! | L29: =L28-1 -> #DIV/0! | M29: =M28-1 -> #DIV/0! | N29: =N28-1 -> #DIV/0! | O29: =O28-1 -> #DIV/0! | P29: =P28-1 -> #DIV/0! | Q29: =Q28-1 -> #DIV/0! | R29: =R28-1 -> #DIV/0! | ... AH29: =AH28-1 -> #DIV/0!
C30: Rent. Acum. CDI | D30: 1 | E30: =D30*(1+E26) -> 1.008 | F30: =E30*(1+F26) -> 1.0163664 | G30: =F30*(1+G26) -> 1.0254121 | H30: =G30*(1+H26) -> 1.033923 | I30: =H30*(1+I26) -> 1.042091 | K30: =I30*(1+K26) -> 1.051574 | L30: =K30*(1+L26) -> 1.0607227 | M30: =L30*(1+M26) -> 1.0696328 | N30: =M30*(1+N26) -> 1.0795803 | O30: =N30*(1+O26) -> 1.088109 | P30: =O30*(1+P26) -> 1.0982284 | Q30: =P30*(1+Q26) -> 1.1093206 | R30: =Q30*(1+R26) -> 1.1203028 | S30: =R30*(1+S26) -> 1.1310577 | ... AH30: =AG30*(1+AH26) -> #N/A
C31: Rendimento Acumulado (% CDI) | D31: =D30-1 -> 0 | E31: =E29/(E30-1) -> #DIV/0! | F31: =F29/(F30-1) -> #DIV/0! | G31: =G29/(G30-1) -> #DIV/0! | H31: =H29/(H30-1) -> #DIV/0! | I31: =I29/(I30-1) -> #DIV/0! | K31: =K29/(K30-1) -> #DIV/0! | L31: =L29/(L30-1) -> #DIV/0! | M31: =M29/(M30-1) -> #DIV/0! | N31: =N29/(N30-1) -> #DIV/0! | O31: =O29/(O30-1) -> #DIV/0! | P31: =P29/(P30-1) -> #DIV/0! | Q31: =Q29/(Q30-1) -> #DIV/0! | R31: =R29/(R30-1) -> #DIV/0! | ... AH31: =AH29/(AH30-1) -> #DIV/0!
AJ33: .
A35: . | C35: CARTEIRA DE DIREITOS CREDITÓRIOS
C37: DATA | D37: =D18 -> 45292 | E37: =EDATE(D37,1) -> 45323 | F37: =EDATE(E37,1) -> 45352 | G37: =EDATE(F37,1) -> 45383 | H37: =EDATE(G37,1) -> 45413 | I37: =EDATE(H37,1) -> 45444 | K37: =EDATE(I37,1) -> 45474 | L37: =EDATE(K37,1) -> 45505 | M37: =EDATE(L37,1) -> 45536 | N37: =EDATE(M37,1) -> 45566 | O37: =EDATE(N37,1) -> 45597 | P37: =EDATE(O37,1) -> 45627 | Q37: =EDATE(P37,1) -> 45658 | R37: =EDATE(Q37,1) -> 45689 | S37: =EDATE(R37,1) -> 45717 | ... AH37: =EDATE(AG37,1) -> 46174
C38: Pat. Líquido
C39: Direitos Creditórios | D39: =D41+D43 -> 0 | E39: =E41+E43 -> 0 | F39: =F41+F43 -> 0 | G39: =G41+G43 -> 0 | H39: =H41+H43 -> 0 | I39: =I41+I43 -> 0 | J39: =J41+J43 -> 0 | K39: =K41+K43 -> 0 | ... AH39: =AH41+AH43 -> 0
C40: Direitos Creditórios(%) | D40: =D39/D38 -> #DIV/0! | E40: =E39/E38 -> #DIV/0! | F40: =F39/F38 -> #DIV/0! | G40: =G39/G38 -> #DIV/0! | H40: =H39/H38 -> #DIV/0! | I40: =I39/I38 -> #DIV/0! | J40: =J39/J38 -> #DIV/0! | K40: =K39/K38 -> #DIV/0! | ... AH40: =AH39/AH38 -> #DIV/0!
C41: Adimplentes
C42: Adimplentes (%) | D42: =D41/D$38 -> #DIV/0! | E42: =E41/E$38 -> #DIV/0! | F42: =F41/F$38 -> #DIV/0! | G42: =G41/G$38 -> #DIV/0! | H42: =H41/H$38 -> #DIV/0! | I42: =I41/I$38 -> #DIV/0! | K42: =K41/K$38 -> #DIV/0! | L42: =L41/L$38 -> #DIV/0! | M42: =M41/M$38 -> #DIV/0! | N42: =N41/N$38 -> #DIV/0! | O42: =O41/O$38 -> #DIV/0! | P42: =P41/P$38 -> #DIV/0! | Q42: =Q41/Q$38 -> #DIV/0! | R42: =R41/R$38 -> #DIV/0! | ... AH42: =AH41/AH$38 -> #DIV/0!
C43: Inadimplentes
C44: Inadimplentes (%) | D44: =D43/D$38 -> #DIV/0! | E44: =E43/E$38 -> #DIV/0! | F44: =F43/F$38 -> #DIV/0! | G44: =G43/G$38 -> #DIV/0! | H44: =H43/H$38 -> #DIV/0! | I44: =I43/I$38 -> #DIV/0! | K44: =K43/K$38 -> #DIV/0! | L44: =L43/L$38 -> #DIV/0! | M44: =M43/M$38 -> #DIV/0! | N44: =N43/N$38 -> #DIV/0! | O44: =O43/O$38 -> #DIV/0! | P44: =P43/P$38 -> #DIV/0! | Q44: =Q43/Q$38 -> #DIV/0! | R44: =R43/R$38 -> #DIV/0! | ... AH44: =AH43/AH$38 -> #DIV/0!
C45: Inadimplentes over 90
C46: Inadimplentes over 90 (%) | D46: =D45/D$38 -> #DIV/0! | E46: =E45/E$38 -> #DIV/0! | F46: =F45/F$38 -> #DIV/0! | G46: =G45/G$38 -> #DIV/0! | H46: =H45/H$38 -> #DIV/0! | I46: =I45/I$38 -> #DIV/0! | K46: =K45/K$38 -> #DIV/0! | L46: =L45/L$38 -> #DIV/0! | M46: =M45/M$38 -> #DIV/0! | N46: =N45/N$38 -> #DIV/0! | O46: =O45/O$38 -> #DIV/0! | P46: =P45/P$38 -> #DIV/0! | Q46: =Q45/Q$38 -> #DIV/0! | R46: =R45/R$38 -> #DIV/0! | ... AH46: =AH45/AH$38 -> #DIV/0!
C47: Recompras
C48: Recompras(%) | D48: =D47/D$38 -> #DIV/0! | E48: =E47/E$38 -> #DIV/0! | F48: =F47/F$38 -> #DIV/0! | G48: =G47/G$38 -> #DIV/0! | H48: =H47/H$38 -> #DIV/0! | I48: =I47/I$38 -> #DIV/0! | K48: =K47/K$38 -> #DIV/0! | L48: =L47/L$38 -> #DIV/0! | M48: =M47/M$38 -> #DIV/0! | N48: =N47/N$38 -> #DIV/0! | O48: =O47/O$38 -> #DIV/0! | P48: =P47/P$38 -> #DIV/0! | Q48: =Q47/Q$38 -> #DIV/0! | R48: =R47/R$38 -> #DIV/0! | ... AH48: =AH47/AH$38 -> #DIV/0!
A50: . | AJ50: .

Sheet CDI
B2: 44562 | C2: 0.0073
B3: =EDATE(B2,1) -> 44593 | C3: 0.0076
B4: =EDATE(B3,1) -> 44621 | C4: 0.0093
B5: =EDATE(B4,1) -> 44652 | C5: 0.0083
B6: =EDATE(B5,1) -> 44682 | C6: 0.0103
B7: =EDATE(B6,1) -> 44713 | C7: 0.0102
B8: =EDATE(B7,1) -> 44743 | C8: 0.0103
B9: =EDATE(B8,1) -> 44774 | C9: 0.0117
B10: =EDATE(B9,1) -> 44805 | C10: 0.0107
B11: =EDATE(B10,1) -> 44835 | C11: 0.0102
B12: =EDATE(B11,1) -> 44866 | C12: 0.0102
B13: =EDATE(B12,1) -> 44896 | C13: 0.0112
B14: =EDATE(B13,1) -> 44927 | C14: 0.0112
... B48: =EDATE(B47,1) -> 45962 | C48: 0.0055
B49: 45992 | C49: 0.0122
B50: 46023 | C50: 0.0116
B51: 46054 | C51: 0.01
B52: 46082 | C52: 0.0121
